"site","year","Ntotal_bestEst"
"Cabatoan",2016,171.942857142857
"Gabas",2017,36.4
"Hicgop South",2018,62.1176470588235
"Palanas",2016,455.647348157994
"Poroc Rose",2016,105.194805194805
"Poroc San Flower",2016,51.8518518518518
"San Agustin",2018,123.076923076923
"Sitio Baybayon",2018,1297.12619406737
"Visca",2017,66.5
"Wangag",2016,3314.36046511628
